{"cameraMode":{"drawMode":0,"name":"Shaded","section":"Shading Mode"},"sceneLighting":false,"audioPlay":false,"sceneViewState":{"showFog":true,"showMaterialUpdate":false,"showSkybox":false,"showFlares":true,"showImageEffects":true,"showParticleSystems":true},"in2DMode":false,"pivot":{"x":-1.1600133180618287,"y":1.437860131263733,"z":0.6723872423171997},"rotation":{"x":0.150567427277565,"y":0.06756407767534256,"z":-0.010318266227841378,"w":0.9862409234046936},"size":0.3947053551673889,"orthographic":true}