{"cameraMode":{"drawMode":0,"name":"Shaded","section":"Shading Mode"},"sceneLighting":true,"audioPlay":false,"sceneViewState":{"showFog":true,"showMaterialUpdate":false,"showSkybox":true,"showFlares":true,"showImageEffects":true,"showParticleSystems":true},"in2DMode":false,"pivot":{"x":0.3422333002090454,"y":1.1531469821929932,"z":0.871862530708313},"rotation":{"x":0.04083788022398949,"y":-0.10978501290082932,"z":0.004514537286013365,"w":0.993106484413147},"size":2.375476121902466,"orthographic":true}