{"cameraMode":{"drawMode":0,"name":"Shaded","section":"Shading Mode"},"sceneLighting":false,"audioPlay":false,"sceneViewState":{"showFog":true,"showMaterialUpdate":false,"showSkybox":false,"showFlares":true,"showImageEffects":true,"showParticleSystems":true},"in2DMode":false,"pivot":{"x":-0.43740570545196535,"y":1.437860131263733,"z":0.9103149771690369},"rotation":{"x":0.1404818892478943,"y":0.24469421803951264,"z":-0.03585577383637428,"w":0.9587007761001587},"size":0.3404226005077362,"orthographic":true}