{"cameraMode":{"drawMode":0,"name":"Shaded","section":"Shading Mode"},"sceneLighting":false,"audioPlay":false,"sceneViewState":{"showFog":true,"showMaterialUpdate":false,"showSkybox":false,"showFlares":true,"showImageEffects":true,"showParticleSystems":true},"in2DMode":false,"pivot":{"x":-0.9139668345451355,"y":1.437860131263733,"z":0.7534011602401733},"rotation":{"x":0.150567427277565,"y":0.06756407767534256,"z":-0.010318266227841378,"w":0.9862409234046936},"size":0.3564695119857788,"orthographic":true}